Text,Author,Likes,Date
Bu gun 946m yapa bilecekmiyiz,Zeyneb,0,2023-08-03T14:04:29Z
726,Visible for jennies eyes only,0,2023-08-03T14:03:38Z
726k,Jensetter,1,2023-08-03T14:03:27Z
Kanka em0ji SIZIN AILENIZIN ILK SOYAD VEREN ECDADINIZA BENZIYOR,maria,0,2023-08-03T14:03:27Z
Eskiden bir jennie an-tisi vardÄ± hiÃ§ an-ti gibi degildi kiraldi,RÄ°YANA & ë°©ìš¸,0,2023-08-03T14:03:20Z
SonrasÄ± yok mu:,Abdullah Mert,0,2023-08-03T14:04:24Z
Sonra,Abdullah Mert,0,2023-08-03T14:04:05Z
MÃ¶raba,Abdullah Mert,0,2023-08-03T14:03:03Z
â @RÄ°YANA & ë°©ìš¸ reiss,Abdullah Mert,0,2023-08-03T14:04:45Z
Ha geldi asil kÄ±ral,RÄ°YANA & ë°©ìš¸,0,2023-08-03T14:04:13Z
Gerizekali bi anti var su an cevap vermeyin sakÄ±n cikip gider simdi,Zeyneb,0,2023-08-03T14:02:36Z
AYNEN ONU GBRTMK Ä°STÄ°YORUM ÅUAN KEÅKE YANIMDA OLSA DA O Ä°ÄRENÃ‡ YÃœZÃœNÃœ PARÃ‡ALASAM Ã‡OK SÄ°NÄ°RÄ°MÄ° BOZUYO YA,Naz Ama Blink Olan,0,2023-08-03T14:03:50Z
726j,Ashok Kumar Mohana,0,2023-08-03T14:02:32Z
726k,Jenismylife,1,2023-08-03T14:02:27Z
Yuz bakimi seviyorum amma cok malzeme yok,maria,0,2023-08-03T14:02:12Z
726J,Lou,0,2023-08-03T14:02:08Z
726k,samantha,0,2023-08-03T14:01:48Z
Cemrenin papatyasÄ± sen her gÃ¼n gel aÅŸkÄ±m bir vibe geliyor senden anlatÄ±lmaz,RÄ°YANA & ë°©ìš¸,0,2023-08-03T14:01:44Z
Moralim bozuk olduÄŸunda jennienin sesi iyi geliyo o yzuden surekli geliyorum,skz hayattir kardesim,1,2023-08-03T14:01:25Z
ğŸ½ğŸ½ğŸ½ğŸ½ğŸ½ğŸ½ğŸ½ğŸ½ğŸ·ğŸ½ğŸ·ğŸ½ğŸ·ğŸ½ğŸ½ğŸ½ğŸ½,lazy jennie,0,2023-08-03T14:01:09Z
â€‹@Naz Ama Blink Olanyo 7 sulalesini si.kenlere,maria,0,2023-08-03T14:02:45Z
â€‹@Naz Ama Blink OlanKABKA BANA BILE GIRDI EJWGWKNWKDK,skz hayattir kardesim,0,2023-08-03T14:02:41Z
Emoji look like your mom,Naz Ama Blink Olan,0,2023-08-03T14:02:14Z
"I heard that jisoo is in relationship, Is it true?",Ashok Kumar Mohana,0,2023-08-03T14:01:00Z
Yea,Naz Ama Blink Olan,0,2023-08-03T14:04:30Z
"There is no hate for jisoo's relationship, but hate for our Jennie's dating rumours.
It is not fair!!!",Ashok Kumar Mohana,0,2023-08-03T14:03:42Z
"Yes, dear",H H,0,2023-08-03T14:01:59Z
Yes,Zeyneb,0,2023-08-03T14:01:45Z
Geldim yine,Zeyneb,0,2023-08-03T14:01:00Z
Hg ask,Naz Ama Blink Olan,0,2023-08-03T14:04:39Z
â€‹@mariaselamm,Zeyneb,0,2023-08-03T14:03:21Z
SELAMM CANIMM,maria,1,2023-08-03T14:01:33Z
ğŸ·ğŸ·ğŸ·ğŸ·ğŸ·ğŸ·ğŸ·ğŸ·ğŸ·ğŸ·ğŸ·ğŸ·ğŸ·,lazy jennie,0,2023-08-03T14:00:55Z
Emoji look like your mom,Naz Ama Blink Olan,0,2023-08-03T14:02:31Z
Keep on str34min,IconicJennieKim,0,2023-08-03T14:00:48Z
726k,yezhxiaseleira,0,2023-08-03T14:00:38Z
Ya aslÄ±nda spam falan olmasa ÅŸuan 2 milyar falan izlenmesi vardÄ± nett,Naz Ama Blink Olan,0,2023-08-03T14:00:28Z
2mr bilmem amma 1mr gecmiÅŸdi,maria,1,2023-08-03T14:00:52Z
JENNIE IS SO LAZY I DON'T KNOW WHY YOU LOVE HER,lazy jennie,0,2023-08-03T14:00:27Z
And people like u are useless cuz she's still more successful and is considered one of he best aces of kpop and kpop idol with one of the best stage presence,IconicJennieKim,0,2023-08-03T14:02:06Z
HAHAHAHAHAHAHHAHAHAHAHAHAHJAJAAHHAHAHAHAHAHAHAHJAJAHAHAHAHAHAHAHAHAHAHAHAHAHAHAHAHAHAHHAAHAHAJAJAHAHAHHAHAHAHAHAHAHAHAHAHAJAJAHAHAHAJAHAHAHAHAHHAAHAHAHAHHAAHAHHAHAHAHAHAHAHAHAHAHAHAHAHAHAHHAHAHAHAHAHAHAHAHAHAHHAAHHAHAHAHA,Naz Ama Blink Olan,0,2023-08-03T14:01:27Z
Cuz she's more talented than u,IconicJennieKim,0,2023-08-03T14:01:25Z
Dedigini yapÄ±cam,RÄ°YANA & ë°©ìš¸,1,2023-08-03T13:59:57Z
â€‹@Cemre'nin PapatyasÄ±amin aÅŸkÄ±m,RÄ°YANA & ë°©ìš¸,0,2023-08-03T14:01:09Z
Aferin yap yapp,Naz Ama Blink Olan,0,2023-08-03T14:00:46Z
Ins kurtulursunn,Cemre'nin PapatyasÄ±,0,2023-08-03T14:00:46Z
Stream solooooo ğŸ«¶ğŸ»ğŸ¥°,Ashaa,0,2023-08-03T13:59:48Z
725k,gokce,0,2023-08-03T13:59:35Z
Ä°yi artmÄ±ÅŸÄ±z gibi,hera!!!,0,2023-08-03T13:59:20Z
Dun akÅŸam burdamiydin,maria,0,2023-08-03T14:00:26Z
Evet evet,Naz Ama Blink Olan,0,2023-08-03T13:59:40Z
725jk,Anushka,0,2023-08-03T13:59:17Z
725k,H H,0,2023-08-03T13:58:32Z
"@Ashok Kumar MohanaI miss u too, my dear <3",H H,0,2023-08-03T14:01:10Z
I missed you unnie!!,Ashok Kumar Mohana,1,2023-08-03T14:00:27Z
Dudu seni dolandÄ±rmak iÃ§in arayanlarÄ± sen dolandÄ±r bi daha aramasÄ±nlar ğŸ‘ğŸ»,Naz Ama Blink Olan,0,2023-08-03T13:58:23Z
Hadi ins,Cemre'nin PapatyasÄ±,0,2023-08-03T13:58:54Z
I'm back,Ashok Kumar Mohana,0,2023-08-03T13:57:56Z
â€‹@Naz Ama Blink Olanthank you dear,Ashok Kumar Mohana,0,2023-08-03T14:00:05Z
Welcome,Naz Ama Blink Olan,0,2023-08-03T13:58:48Z
725k,yezhxiaseleira,0,2023-08-03T13:57:55Z
Dudum cokda korkulucak bir sey diyil,maria,0,2023-08-03T13:57:46Z
â€‹@mariatm aÅŸkÄ±m,RÄ°YANA & ë°©ìš¸,0,2023-08-03T14:00:16Z
â€‹@RÄ°YANA & ë°©ìš¸tamam korka amma sakinda aÃ§ma,maria,0,2023-08-03T13:58:57Z
ArtÄ±k ko-kmuyorum aÅŸkÄ±m,RÄ°YANA & ë°©ìš¸,0,2023-08-03T13:58:26Z
725J,Lou,0,2023-08-03T13:57:39Z
"Let's do minimum stream for 400k views per day, Jensetter let's go!",Vina Vinalia,2,2023-08-03T13:57:26Z
Otg bona bona goo,{GÃ¼lay},0,2023-08-03T13:57:13Z
Ben Aze dundemden cok Turk gundemini takip ediyom o yuzden cok ÅŸeyi biliyom,maria,0,2023-08-03T13:56:42Z
725k,samantha,0,2023-08-03T13:56:40Z
Kendinize iyi bakÄ±n ve stre@m e devam edin,-Lnseaji-,1,2023-08-03T13:55:49Z
sarkida takili kalmayin donguye de almayin,gokce,1,2023-08-03T13:55:45Z
